["1","Indian Institute of Technology Madras","Chennai","Tamil Nadu","2","Indian Institute of Technology Delhi","New Delhi","Delhi","3","Indian Institute of Technology Bombay","Mumbai","Maharashtra","4","Indian Institute of Technology Kanpur","Kanpur","Uttar Pradesh","5","Indian Institute of Technology Kharagpur","Kharagpur","West Bengal","6","Indian Institute of Technology Roorkee","Roorkee","Uttarakhand","7","Indian Institute of Technology Guwahati","Guwahati","Assam","8","Indian ","Institute of Technology Hyderabad","Hyderabad","Telangana","9","National Institute of Technology Tiruchirappalli","Tiruchirappalli","Tamil Nadu","10","National Institute of Technology Karnataka","Surathkal","Karnataka","11","Indian Institute of Technology (Indian School of ","Mines)","Dhanbad","Jharkhand","12","Vellore Institute of Technology","Vellore","Tamil Nadu","13","Indian Institute of Technology Indore","Indore","Madhya ","Pradesh","14","Indian Institute of Technology (Banaras Hindu ","University) Varanasi","Varanasi","Uttar Pradesh","15","Institute of Chemical Technology","Mumbai","Maharashtra","16","Amrita Vishwa Vidyapeetham","Coimbatore","Tamil Nadu","17","Jadavpur University","Kolkata","West Bengal","18","Anna University","Chennai","Tamil Nadu","19","Indian Institute of Technology Ropar","Rupnagar","Punjab","20","National Institute of Technology Rourkela","Rourkela","Odisha","21","Indian Institute of Technology Patna","Patna","Bihar","22","Indian Institute of Technology Gandhinagar","Gandhinagar","Gujarat","23","National Institute of Technology Warangal","Warangal","Telangana","24","Thapar Institute of Engineering and Technology","Patiala","Punjab","25","National Institute of Technology Calicut","Kozhikode","Kerala","26","Birla Institute of Technology & Science ","-","Pilani","Pilani","Rajasthan","27","Indian Institute of Engineering Science and ","Technology","Shibpur","West Bengal","28","Indian Institute of Technology Bhubaneswar","Bhubaneswar","Odisha","29","National Institute of Technology Durgapur","Durgapur","West Bengal","30","Visvesvaraya National Institute of Technology","Nagpur","Maharashtra","31","Amity ","University","Gautam Budh ","Nagar","Uttar Pradesh","32","Siksha `O` Anusandhan","Bhubaneswar","Odisha","33","Jamia Millia Islamia","New Delhi","Delhi","34","S.R.M. Institute of Science and Technology","Chennai","Tamil Nadu","35","Aligarh Muslim University","Aligarh","Uttar Pradesh","36","Delhi Technological University","New Delhi","Delhi","37","Malaviya National Institute of Technology","Jaipur","Rajasthan","38","Shanmugha Arts Science Technology & Research ","Academy","Thanjavur","Tamil Nadu","39","Kalinga Institute of Industrial Technology","Bhubaneswar","Odisha","40","Indian Institute of Space Science and Technology","Thiruvananthapu","ram","Kerala","41","Indian Institute of Technology Mandi","Mandi","Himachal ","Pradesh","42","Motilal Nehru National Institute of Technology","Prayagraj","Uttar Pradesh","43","Indian ","Institute of Technology Jodhpur","Jodhpur","Rajasthan","44","National Institute of Technology Kurukshetra","Kurukshetra","Haryana","45","Sri Sivasubramaniya Nadar College of ","Engineering","Kancheepuram","Tamil Nadu","46","Birla Institute of Technology","Ranchi","Jharkhand","47","Sardar Vallabhbhai National Institute of ","Technology","Surat","Gujarat","48","National Institute of Technology Silchar","Silchar","Assam","49","Dr. B. R. Ambedkar National Institute of ","Technology","Jalandhar","Punjab","50","Koneru Lakshmaiah Education Foundation ","University (K L College of Engineering)","Vaddeswaram","Andhra ","Pradesh","51","Manipal Institute of Technology","Manipal","Karnataka","52","College of Engineering, Pune","Pune","Maharashtra","53","PSG College of Technology","Coimbatore","Tamil Nadu","54","International ","Institute of Information ","Technology Hyderabad","Hyderabad","Telangana","55","Sathyabama Institute of Science and Technology","Chennai","Tamil Nadu","56","Kalasalingam Academy of Research and ","Education","Srivilliputtur","Tamil Nadu","57","Visvesvaraya Technological ","University","Belgaum","Karnataka","58","Defence Institute of Advanced Technology","Pune","Maharashtra","59","National Institute of Technology Meghalaya","Shillong","Meghalaya","60","Maulana Azad National Institute of Technology","Bhopal","Madhya ","Pradesh","61","Chandigarh ","University","Mohali","Punjab","62","Jawaharlal Nehru Technological University","Hyderabad","Telangana","63","Indraprastha Institute of Information ","Technology, Delhi","New Delhi","Delhi","64","National Institute of Technology Raipur","Raipur","Chhattisgarh","65","M. S. Ramaiah ","Institute of Technology","Bengaluru","Karnataka","66","Lovely Professional University","Phagwara","Punjab","67","Banasthali Vidyapith","Banasthali","Rajasthan","68","Pandit Deendayal Petroleum University","Gandhinagar","Gujarat","69","National Institute of Technology Srinagar","Srinagar","Jammu and ","Kashmir","70","Punjab Engineering College (Deemed to be ","University), Chandigarh","Chandigarh","Chandigarh","71","Thiagarajar College of Engineering","Madurai","Tamil Nadu","72","National Institute of Technology Patna","Patna","Bihar","73","Indian ","Institute of Information Technology ","Guwahati","Guwahati","Assam","74","College of Engineering (A)","Visakhapatnam","Andhra ","Pradesh","75","Graphic Era University","Dehradun","Uttarakhand","76","International Institute of Information ","Technology Bangalore","Bengaluru","Karnataka","77","R.V. College of Engineering","Bengaluru","Karnataka","78","Sri Krishna College of Engineering and ","Technology","Coimbatore","Tamil Nadu","79","Shri Mata Vaishno Devi University","Katra","Jammu and ","Kashmir","80","Pandit Dwarka Prasad Mishra Indian ","Institute of ","Information Technology, Design and ","Manufacturing (IIITDM) Jabalpur","Jabalpur","Madhya ","Pradesh","81","Indian Institute of Food Processing Technology ","(IIFPT)","Thanjavur","Tamil Nadu","82","Veermata Jijabai Technological Institute, (VJTI, ","Mumbai)","Mumbai","Maharashtra","83","PES University","Bengaluru","Karnataka","84","Manipal University Jaipur","Jaipur","Rajasthan","85","National Institute of Technology Goa","Ponda","Goa","86","National Institute of Technology, Jamshedpur","Jamshedpur","Jharkhand","87","Indian Institute of ","Information Technology ","Allahabad","Prayagraj ","(Allahabad)","Uttar Pradesh","88","Netaji Subhas University of Technology (NSUT)","South West","Delhi","89","Panjab University","Chandigarh","Chandigarh","90","Kumaraguru College of Technology","Coimbatore","Tamil Nadu","91","University of Petroleum and Energy Studies","Dehradun","Uttarakhand","92","National Institute of Technology Agartala","Agratala","Tripura","93","Vel Tech Rangarajan Dr. Sagunthala R & D ","Institute of Science and Technology","Chennai","Tamil Nadu","94","Jaypee Institute of ","Information Technology","Noida","Uttar Pradesh","95","College of Engineering Trivandrum","Thiruvananthapu","ram","Kerala","96","Bharati Vidyapeeth Deemed University College of ","Engineering","Pune","Maharashtra","97","The Northcap University","Gurugram","Haryana","98","B.M.S. ","College of Engineering","Bengaluru","Karnataka","99","National Institute of Technology Hamirpur","Hamirpur","Himachal ","Pradesh","100","C.V. Raman Global University, Odisha","Bhubaneswar","Odisha","101","Siddaganga Institute of Technology","Tumkur","Karnataka","102","Coimbatore Institute of Technology","Coimbatore","Tamil Nadu","103","Shoolini University of Biotechnology and ","Management Sciences","Solan","Himachal ","Pradesh","104","Tezpur University","Tezpur","Assam","105","Karunya Institute of Technology and Sciences","Coimbatore","Tamil ","Nadu","106","Atal Bihari Vajpayee Indian Institute of ","Information Technology and Management","Gwalior","Madhya ","Pradesh","107","Dhirubhai Ambani Institute of Information and ","Communication Technology","Gandhinagar","Gujarat","108","Guru Gobind Singh Indraprastha ","University","New Delhi","Delhi","109","Sri Sairam Engineering College","Kancheepuram","Tamil Nadu","110","Rajalakshmi Engineering College","Chennai","Tamil Nadu","111","Vignan's Foundation for Science, Technology and ","Research","Guntur","Andhra ","Pradesh","112","B. S. Abdur Rahman ","Crescent Institute of Science ","and Technology","Chennai","Tamil Nadu","113","Chitkara University","Rajpura","Punjab","114","National Institute of Technology Manipur","Imphal","Manipur","115","National Institute of Foundry and Forge ","Technology (NIFFT)","Ranchi","Jharkhand","116","Veer Surendra Sai University of Technology","Burla","Odisha","117","Maharaja Sayajirao University of Baroda","Vadodara","Gujarat","118","Manav Rachna International Institute of ","Research & Studies","Faridabad","Haryana","119","Shri Ramdeobaba College of Engineering and ","Management","Nagpur","Maharashtra","120","Punjab Technical University","Kapurthala","Punjab","121","Saveetha Institute of Medical and Technical ","Sciences","Chennai","Tamil Nadu","122","Vishwakarma Institute of Technology","Pune","Maharashtra","123","University College of ","Engingeering","Kakinada","Andhra ","Pradesh","124","Mepco Schlenk Engineering College","Sivakasi","Tamil Nadu","125","Vels Institute of Science, Technology & Advanced ","Studies (VISTAS)","Chennai","Tamil Nadu","126","Dayalbagh Educational Institute","Agra","Uttar Pradesh","127","YMCA ","University of Science & Tech (Formerely ","YMCA Institute of Engineering)","Faridabad","Haryana","128","Government College of Technology","Coimbatore","Tamil Nadu","129","Jaypee University of Information Technology","Solan","Himachal ","Pradesh","130","G. H. Raisoni College of ","Engineering","Nagpur","Maharashtra","131","PSG Institute of Technology and Applied ","Research","Coimbatore","Tamil Nadu","132","University College of Engineering","Hyderabad","Telangana","133","Chaitanya Bharathi Institute of Technology","Hyderabad","Telangana","134","SR ","University","Warangal","Telangana","135","Vallurupalli Nageswara Rao Vignana Jyothi ","Institute of Engineering and Technology","Hyderabad","Telangana","136","The Rashtrasant Tukadoji Maharaj Nagpur ","University","Nagpur","Maharashtra","137","Sri Krishna College of ","Technology","Coimbatore","Tamil Nadu","138","NMAM Institute of Technology","Nitte, Udupi","Karnataka","139","P E S College of Engineering","Mandya","Karnataka","140","Army Institute of Technology","Pune","Maharashtra","141","New Horizon College of Engineering","Bengaluru","Karnataka","142","Vardhaman College of Engineering","Rangareddy","Telangana","143","Bharatiya Vidya Bhavan`s Sardar Patel Institute ","of Technology","Mumbai","Maharashtra","144","Pondicherry Engineering College","Puducherry","Pondicherry","145","National Institute of ","Technology Puducherry","Karaikal","Pondicherry","146","Anurag University","Hyderabad","Telangana","147","Chandigarh Engineering College","Sahibzada Ajit ","Singh Nagar","Punjab","148","National Institute of Food Technology, ","Entrepreneurship & Management","Sonipat","Haryana","149","Yeshwantrao Chavan College of Engineering","Nagpur","Maharashtra","150","Dr. Vishwanath Karad MIT World Peace ","University","Pune","Maharashtra","151","SVKM`s Narsee Monjee Institute of Management ","Studies","Mumbai","Maharashtra","152","BMS Institute of Technology & ","Management","Bengaluru","Karnataka","153","Nirma University","Ahmedabad","Gujarat","154","Amity University, Gwalior","Gwalior","Madhya ","Pradesh","155","CVR College Of Engineering","Ibrahimpatan","Telangana","156","Government Engineering College, Thrissur","Thrissur","Kerala","157","Jain ","University, Bangalore","Bengluru","Karnataka","158","Maulana Abul Kalam Azad University of ","Technology","Nadia","West Bengal","159","Institute of Aeronautical Engineering","Hyderabad","Telangana","160","National Institute of Technology Arunachal ","Pradesh","Itanagar","Arunachal ","Pradesh","161","Indira Gandhi Delhi Technical University for ","Women","Delhi","Delhi","162","Sant Longowal Institute of Engineering & ","Technology","Longowal","Punjab","163","Silicon Institute of Technology (SIT), ","Bhubaneswar","Bhubaneswar","Odisha","164","Kongu ","Engineering College","Perundurai","Tamil Nadu","165","Goka Raju Ranga Raju Institute of Engineering & ","Technology","Hyderabad","Telangana","166","Annamalai University","Annamalainagar","Tamil Nadu","167","Rajiv Gandhi Institute of Petroleum Technology","Amethi","Uttar ","Pradesh","168","Nitte Meenakshi Institute of Technology","Bengaluru","Karnataka","169","Institute of Engineering & Management","Kolkata","West Bengal","170","R.M.K. Engineering College","Thiruvallur","Tamil Nadu","171","Noida Institute of Engineering & Technology","Greater ","Noida","Uttar Pradesh","172","Hindustan Institute of Technology and Science ","(HITS)","Chennai","Tamil Nadu","173","Dr. D. Y. Patil Institute of Technology","Pune","Maharashtra","174","Guru Nanak Dev University","Amritsar","Punjab","175","Sri Ramakrishna Engineering College","Coimbatore","Tamil Nadu","176","KIET Group of Institutions","Ghaziabad","Uttar Pradesh","177","Galgotias University","Gautam Budh ","Nagar","Uttar Pradesh","178","Velagapudi Ramakrishna Siddhartha Engineering ","College","Vijayawada","Andhra ","Pradesh","179","Sharda University","Greater Noida","Uttar Pradesh","180","KLE Technological University","Dharwad","Karnataka","181","Shri G. S. Institute of Technology & Science","Indore","Madhya ","Pradesh","182","North Eastern Regional Institute of Science & ","Technology","Itanagar","Arunachal ","Pradesh","183","St. ","Josephs College of Engineering","Kancheepuram","Tamil Nadu","184","Lakshmi Narain College of Technology","Bhopal","Madhya ","Pradesh","185","Centurion University of Technology and ","Management","Paralakhemundi","Odisha","186","Rabindranath Tagore University","Raisen","Madhya ","Pradesh","187","National Institute of Technology Uttarakhand","Srinagar ","(Garhwal)","Uttarakhand","188","JSS Science and Technology University","Mysuru","Karnataka","189","Easwari Engineering College","Chennai","Tamil Nadu","190","International Institute of Information ","Technology Bhubaneswar","Bhubaneswar","Odisha","191","National Engineering College","Kovilpatti","Tamil Nadu","192","Sona College of Technology","Salem","Tamil Nadu","193","C M R Institute of Technology","Bengaluru","Karnataka","194","G.L.Bajaj","Institute of Technology and ","Management","Greater Noida","Uttar Pradesh","195","DIT University","Dehradun","Uttarakhand","196","The National Institute of Engineering","Mysore","Karnataka","197","K. J. Somaiya College of Engineering","Mumbai","Maharashtra","198","Kakatiya ","Institute of Technology & Science","Warangal","Telangana","199","Walchand College of Engineering","Sangli","Maharashtra","200","Sri Venkateswara University","Tirupati","Andhra ","Pradesh","201","NIT Nagaland ","-","National Institute of Technology","202","NIT Mizoram ","-","National Institute of Technology","203","NIT Sikkim ","-","National Institute of Technology","204","IIT Agartala","List of Medical Colleges","Rank","Name","State","1","All India Institute of Medical Sciences, New Delhi","Delhi","2","Post Graduate Institute of ","Medical Education and ","Research, Chandigarh","Chandigarh","3","Christian Medical College, Vellore","Tamil Nadu","4","National Institute of Mental Health & Neuro Sciences, ","Bangalore","Karnataka","5","Sanjay Gandhi Postgraduate Institute of Medical Sciences, ","Lucknow","Uttar Pradesh","6","Amrita Vishwa Vidyapeetham, Coimbatore","Tamil Nadu","7","Banaras Hindu University, Varanasi","Uttar Pradesh","8","Jawaharlal Institute of Post Graduate Medical Education & ","Research, Puducherry","Pondicherry","9","King George`s Medical ","University, Lucknow","Uttar Pradesh","10","Kasturba Medical College, Manipal","Karnataka","11","Sree Chitra Tirunal Institute for Medical Sciences and ","Technology, Thiruvananthapuram","Kerala","12","Institute of Liver and Biliary Sciences, New Delhi","Delhi","13","St. ","John’s Medical College, Bengaluru","Karnataka","14","Sri Ramachandra Institute of Higher Education and ","Research, Chennai","Tamil Nadu","15","Aligarh Muslim University, Aligarh","Uttar Pradesh","16","Madras Medical College & Government General Hospital, ","Chennai","Tamil ","Nadu","17","Maulana Azad Medical College, Delhi","Delhi","18","Vardhman Mahavir Medical College & Safdarjung ","Hospital, New Delhi","Delhi","19","Dr. D. Y. Patil Vidyapeeth, Pune","Maharashtra","20","S.R.M. Institute of Science and Technology, Chennai","Tamil Nadu","21","Siksha `O` Anusandhan, Bhubaneswar","Odisha","22","Lady Hardinge Medical College, New Delhi","Delhi","23","Kasturba Medical College, Mangalore","Karnataka","24","JSS Medical College, Mysore","Karnataka","25","Jamia Hamdard, New Delhi","Delhi","26","Dayanand Medical ","College, Ludhiana","Punjab","27","Saveetha Institute of Medical and Technical Sciences, ","Chennai","Tamil Nadu","28","All India Institute of Medical Sciences, Jodhpur","Rajasthan","29","Government Medical College & Hospital, Chandigarh","Chandigarh","30","University ","College of Medical Sciences, Delhi","Delhi","31","All India Institute of Medical Sciences Bhubaneswar, ","Khordha","Odisha","32","Medical College, Kolkata","West Bengal","33","PSG Institute of Medical Sciences & Research, ","Coimbatore","Tamil Nadu","34","Datta Meghe ","Institute of Medical Sciences, Wardha","Maharashtra","35","Maharishi Markandeshwar, Ambala","Haryana","36","Kalinga Institute of Industrial Technology, Bhubaneswar","Odisha","37","M. S. Ramaiah Medical College, Bengaluru","Karnataka","38","Sawai Man Singh Medical ","College, Jaipur","Rajasthan","39","SCB Medical College and Hospital, Cuttack","Odisha","40","Annamalai University, Annamalainagar","Tamil Nadu","41","Padmashree Dr. D. Y. Patil Vidyapeeth, Mumbai","Maharashtra","42","Krishna Institute of Medical Sciences Deemed ","University, ","Karad","Maharashtra","43","Narayana Medical College, Sri Potti Sriramulu Nellore","Andhra Pradesh","43","Regional Institute of Medical Sciences, Imphal West","Manipur","45","K. S. Hegde Medical Academy, Mangalore","Karnataka","46","Mahatma Gandhi Medical ","College and Research Institute, ","Puducherry","Pondicherry","47","Jawaharlal Nehru Medical College, Belagavi","Karnataka","48","Tirunelveli Medical College, Tirunelveli","Tamil Nadu","49","Chettinad Hospital and Research Institute, Kelambakkam, ","Chengalpattu ","District","Tamil Nadu","50","Shri B.M.Patil Medical College, Hospital & Research ","Centre, Vijayapura","Karnataka","51","North Delhi Municipal Corporation Medical College and ","Hindu Rao Hospital, New Delhi","New Delhi","52","Government Medical College, Kozhikode","Kozhikode","53","Stanley Medical College, Chennai","Chennai","54","Byramjee Jeejeebhoy Government Medical College and ","Sassoon General Hospital, and College of Nursing, Pune","and College of ","Nursing","55","Kalinga Institute of Medical Sciences, Bhubaneswar","Bhubaneswar","56","Mysore Medical College, Mysore","Mysore","57","Kempegowda Institute of Medical Sciences, Bangalore","Bangalore","58","Government Medical College and Hospital, Nagpur","Nagpur","59","Osmania Medical College, Hyderabad","Hyderabad","60","PSG Institute of ","Medical Sciences and Research, ","Peelamedu","Peelamedu","61","Gauhati Medical College, Guwahati","Guwahati","62","Goa Medical College and Hospital, Bambolim","Bambolim","63","Government Medical College, Bhavnagar","Bhavnagar","64","All India Institute of Medical ","Sciences, Rishikesh","Rishikesh","65","GSVM Medical College, Kanpur","Kanpur","66","Assam Medical College, Dibrugarh","Dibrugarh","67","Karnataka Institute of Medical Sciences, Hubli","Hubli","68","BankuraSammilani Medical College, Bankura","Bankura","69","Sarojini Naidu ","Medical College, Agra","Agra","70","Himalayan Institute of Medical Sciences, Dehradun","Dehradun","71","Pondicherry Institute of Medical Sciences, Pondicherry","Pondicherry","72","Nil RatanSircar Medical College and Hospital, Kolkata","Kolkata","73","RUHS College of ","Medical Sciences, Jaipur","Jaipur","74","Indira Gandhi Medical College, Shimla","Shimla","75","Rajendra Institute of Medical Sciences, Ranchi","Ranchi","76","Dr. Sampurnanand Medical College, Jodhpur","Jodhpur","77","Bharati Vidyapeeth Deemed University Medical ","College, ","Pune","Pune","78","Burdwan Medical College, Burdwan","Burdwan","79","BPS Government Medical College for Women, Khanpur ","Kalan","Khanpur Kalan","80","Maharani Laxmibai Medical College Hospital, Jhansi","Jhansi","81","S Nijalingappa Medical College and HSK ","Hospital and ","Research Centre, Navanagar","Navanagar","82","Apollo Institute of Medical Sciences and Research, ","Hyderabad","Hyderabad","83","All India Institute of Medical Sciences, Patna","Patna","84","Jawaharlal Nehru Medical College, Wardha","Wardha","85","All India ","Institute of Medical Sciences, Raipur","Raipur","86","Pt. Bhagwat Dayal Sharma Post Graduate Institute of ","Medical Sciences, Rohtak","Rohtak","87","Government Medical College, Amritsar","Amritsar","88","Jawaharlal Nehru Medical College, Ajmer","Ajmer","89","Gandhi ","Medical College and Hospital, Secunderabad","Secunderabad","90","MGM Medical College, Aurangabad","Aurangabad","91","RNT Medical College, Udaipur","Udaipur","92","Mahatma Gandhi Memorial Medical College, Indore","Indore","93","LalaLajpatRai Memorial Medical College, ","Meerut","Meerut","94","Government Medical College, Patiala","Patiala","95","NetajiSubhash Chandra Bose Medical College and ","Hospital, Jabalpur","Jabalpur","96","Dr Baba Sahib Ambedkar Medical College and Hospital, ","New Delhi","New Delhi","97","Vydehi Institute of Medical ","Sciences and Research ","Centre, Bangalore","Bangalore","98","Government Medical College, Aurangabad","Aurangabad","99","B J Medical College, Ahmedabad","Ahmedabad","100","Netaji Subhash Chandra Bose Subharti Medical College, ","Meerut","Meerut","101","Tomo Riba Institute ","Health and Medical Sciences, Naharlagun","102","Assam Medical College, Dibrugarh","103","SMC Silchar ","-","Silchar Medical College and Hospital","104","JMC Jorhat ","-","Jorhat Medical College","105","TMC Tezpur ","-","Tezpur Medical College","106","FAAMCH Barpeta ","-","Fakhruddin Ali Ahmed Medical College and ","Hospital","107","Diphu Medical College and Hospital, Diphu","108","Lakhimpura medical college","109","Zoram Medical College, Falkawn","110","Tripura Medical College and DR BRAM Teaching Hospital, ","Agartala","111","Agartala Government Medical College, Agartala","List of Universities","Rank","Name","City","State","1","Indian Institute of Science","Bengaluru","Karnataka","2","Jawaharlal Nehru University","New Delhi","Delhi","3","Banaras Hindu University","Varanasi","Uttar Pradesh","4","Calcutta University","Kolkata","West Bengal","5","Amrita Vishwa Vidyapeetham","Coimbatore","Tamil Nadu","6","Jamia Millia Islamia","New Delhi","Delhi","7","Manipal Academy of Higher Education","Manipal","Karnataka","8","Jadavpur University","Kolkata","West Bengal","9","University of ","Hyderabad","Hyderabad","Telangana","10","Aligarh Muslim University","Aligarh","Uttar Pradesh","11","Savitribai Phule Pune University","Pune","Maharashtra","12","University of Delhi","Delhi","Delhi","13","Vellore Institute of Technology","Vellore","Tamil Nadu","14","Bharathiar ","University","Coimbatore","Tamil Nadu","15","Institute of Chemical Technology","Mumbai","Maharashtra","16","Anna University","Chennai","Tamil Nadu","17","Birla Institute of Technology & Science ","-","Pilani","Pilani","Rajasthan","18","Homi Bhabha National Institute","Mumbai","Maharashtra","19","Mysore University","Mysuru","Karnataka","20","Siksha `O` Anusandhan","Bhubaneswar","Odisha","21","Kalinga Institute of Industrial Technology","Bhubaneswar","Odisha","22","Shanmugha Arts Science Technology & ","Research Academy","Thanjavur","Tamil Nadu","23","Panjab ","University","Chandigarh","Chandigarh","24","Andhra University, Visakhapatnam","Visakhapatnam","Andhra Pradesh","25","Amity University","Gautam Budh Nagar","Uttar Pradesh","26","Thapar Institute of Engineering and ","Technology","Patiala","Punjab","27","Kerala University","Thiruvananthapuram","Kerala","28","University of Madras","Chennai","Tamil Nadu","29","Saveetha Institute of Medical and Technical ","Sciences","Chennai","Tamil Nadu","30","S.R.M. Institute of Science and Technology","Chennai","Tamil Nadu","31","Mahatma Gandhi University","Kottayam","Kerala","32","Osmania University","Hyderabad","Telangana","33","Alagappa University","Karaikudi","Tamil Nadu","34","JSS Academy of Higher Education and ","Research","Mysuru","Karnataka","35","Banasthali Vidyapith","Banasthali","Rajasthan","35","Koneru Lakshmaiah Education ","Foundation ","University (K L College of Engineering)","Vaddeswaram","Andhra Pradesh","37","Tata Institute of Social Sciences","Mumbai","Maharashtra","38","Symbiosis International","Pune","Maharashtra","39","King George`s Medical University","Lucknow","Uttar Pradesh","40","Sathyabama Institute of Science and ","Technology","Chennai","Tamil Nadu","41","Jamia Hamdard","New Delhi","Delhi","42","Delhi Technological University","New Delhi","Delhi","43","Gujarat University","Ahmedabad","Gujarat","44","Cochin University of Science and ","Technology","Cochin","Kerala","45","Gauhati University","Guwahati","Assam","46","Tezpur University","Tezpur","Assam","47","Sri Ramachandra Institute of Higher ","Education and Research","Chennai","Tamil Nadu","48","University of Kashmir","Srinagar","Jammu and ","Kashmir","49","Dr. D. Y. Patil Vidyapeeth","Pune","Maharashtra","50","Kalasalingam Academy of Research and ","Education","Srivilliputtur","Tamil Nadu","51","Bharath Institute of Higher Education & ","Research","Chennai","Tamil Nadu","52","Chandigarh University","Mohali","Punjab","53","Guru Nanak Dev University","Amritsar","Punjab","54","Sri Venkateswara University","Tirupati","Andhra Pradesh","55","SVKM`s Narsee Monjee Institute of ","Management Studies","Mumbai","Maharashtra","56","Shiv Nadar University","Dadri","Uttar Pradesh","57","Bharathidasan University","Tiruchirappalli","Tamil Nadu","58","Pondicherry ","University","Puducherry","Pondicherry","59","North Eastern Hill University","Shillong","Meghalaya","60","Calicut University","Malappuram","Kerala","61","Datta Meghe Institute of Medical Sciences","Wardha","Maharashtra","62","Lovely Professional University","Phagwara","Punjab","63","Madurai Kamaraj University","Madurai","Tamil Nadu","64","Visva Bharati","Santiniketan","West Bengal","65","Babasheb Bhimrao Ambedkar University","Lucknow","Uttar Pradesh","66","University of Jammu","Jammu","Jammu and ","Kashmir","67","Gandhi Institute of Technology and ","Management","Visakhapatnam","Andhra Pradesh","68","Bharati Vidyapeeth","Pune","Maharashtra","69","Bangalore University","Bangalore","Karnataka","70","Manonmaniam Sundaranar University","Tirunelveli","Tamil Nadu","71","Mumbai University","Mumbai","Maharashtra","72","Padmashree Dr. D. Y. ","Patil Vidyapeeth, ","Mumbai","Mumbai","Maharashtra","73","Pandit Deendayal Petroleum University","Gandhinagar","Gujarat","73","Periyar University","Salem","Tamil Nadu","75","Avinashilingam Institute for Home Science ","& Higher Education for Women","Coimbatore","Tamil Nadu","76","Dr. ","Babasaheb Ambedkar Marathwada ","University","Aurangabad","Maharashtra","77","NITTE","Mangaluru","Karnataka","78","Maharshi Dayanand University","Rohtak","Haryana","79","Guru Gobind Singh Indraprastha University","New Delhi","Delhi","80","Sri Balaji Vidyapeeth Mahatma Gandhi ","Medical College Campus","Puducherry","Pondicherry","81","Kuvempu University","Shimoga","Karnataka","82","Visvesvaraya Technological University","Belgaum","Karnataka","83","International Institute of Information ","Technology Hyderabad","Hyderabad","Telangana","84","Central ","University of Punjab","Bathinda","Punjab","85","The University of Burdwan","Bardhaman","West Bengal","86","Birla Institute of Technology","Ranchi","Jharkhand","87","Utkal University","Bhubaneswar","Odisha","88","Guru Jambheshwar University of Science ","and Technology","Hisar","Haryana","89","Shoolini University of Biotechnology and ","Management Sciences","Solan","Himachal Pradesh","90","Maharaja Sayajirao University of Baroda","Vadodara","Gujarat","91","KLE Academy of Higher Education and ","Research","Belagavi","Karnataka","92","Chettinad Academy of ","Research and ","Education","Kelambakkam, ","Chengalpattu District","Tamil Nadu","93","Assam University","Silchar","Assam","94","Dayalbagh Educational Institute","Agra","Uttar Pradesh","95","Ashoka University","Sonepat","Haryana","96","Goa University","Goa","Goa","97","Vignan's ","Foundation for Science, ","Technology and Research","Guntur","Andhra Pradesh","98","Graphic Era University","Dehradun","Uttarakhand","99","Jain university, Bangalore","Bengluru","Karnataka","100","University of Petroleum and Energy Studies","Dehradun","Uttarakhand"]